Data,Room price,Cost of living,Turnover of trade,Producer price index,New orders in manufacturing,Turnover in construction (Positive/Negative),Unemployed job seekers,Interest rates
2006M01,80.32,1595,81.5,90.6,111,Positive,501160,1.25
2006M02,81.23,1607,77.6,91,107.2,Positive,500532,1.25
2006M03,82.82,1612,92.2,91.5,153.9,Positive,498493,1.25
2006M04,81.14,1621,88.1,92.3,100,Positive,493159,1.5
2006M05,81.28,1623,96.9,92.4,113.2,Positive,486255,1.5
2006M06,79.92,1624,98.4,92.6,114,Positive,492907,1.5
2006M07,71.4,1620,84.4,93.5,98.2,Positive,492288,1.75
2006M08,76.27,1626,96,93.5,103.7,Positive,465894,1.75
2006M09,84.24,1629,95,92.8,121.4,Positive,456857,2
2006M10,84.85,1633,97.9,93.3,120.7,Positive,458286,2
2006M11,85.6,1634,96.1,93.4,119.3,Positive,461145,2.25
2006M12,82.33,1635,101.7,92.8,104.7,Positive,467728,2.25
2007M01,84.56,1632,88.4,92.2,123.4,Positive,465489,2.5
2007M02,83.77,1642,84.3,92.5,113,Positive,464611,2.5
2007M03,85.56,1655,98.7,93,118.1,Positive,460993,2.5
2007M04,83.84,1663,96.4,94.5,129.3,Positive,453177,2.75
2007M05,90.32,1661,102.7,95.2,154.8,Positive,448657,2.75
2007M06,83.71,1663,103.7,95.2,120,Positive,453480,2.75
2007M07,74.42,1662,92.4,95.2,105.3,Positive,454619,3
2007M08,79.34,1664,103.1,95.1,113.6,Positive,428562,3
2007M09,85.54,1671,97.2,95.4,120,Positive,419542,3
2007M10,85.48,1677,107.9,96,141.7,Positive,420577,3
2007M11,86.14,1680,103.5,96.1,128.8,Positive,422773,3
2007M12,86.8,1678,105.2,95.6,105,Positive,428631,3
2008M01,87.33,1695,98.3,97,141.4,Positive,428442,3
2008M02,88.18,1703,95.5,97.7,121.2,Positive,426487,3
2008M03,89.03,1719,100.1,98,113.8,Positive,423203,3
2008M04,90.03,1721,114,98.7,121.7,Positive,417953,3
2008M05,89.59,1730,112.5,99.5,117.3,Positive,415086,3
2008M06,86.84,1736,109.3,100.3,120.8,Positive,421266,3
2008M07,77.11,1734,104.4,100.6,105.9,Positive,424341,3
2008M08,82.84,1742,106.6,100.1,110.2,Positive,402903,3.25
2008M09,90.27,1750,111.1,100.7,119.1,Positive,399027,3.25
2008M10,90.11,1750,111.3,99.7,112.2,Positive,406090,3.25
2008M11,88.77,1741,93.2,97.3,81.7,Negative,417579,3.25
2008M12,89.23,1736,104.7,94.8,72.8,Positive,441262,2.75
2009M01,88.65,1732,81.7,93.4,87.2,Negative,453494,2
2009M02,88.55,1733,79.7,93.2,70,Negative,465871,1
2009M03,90.16,1734,89.7,92,76.8,Negative,477986,1
2009M04,87.5,1734,91.3,91.8,73.2,Negative,484353,0.5
2009M05,91.06,1731,88.3,91.5,70.9,Negative,486770,0.25
2009M06,83.92,1735,93.1,91.9,79.7,Negative,502262,0.25
2009M07,76.39,1724,87.6,90.9,73.1,Negative,508869,0.25
2009M08,80.79,1729,86.8,91.5,69.2,Negative,491813,0.25
2009M09,85.17,1732,90.5,91.3,81.7,Negative,492888,0.25
2009M10,84.71,1723,93.4,91.3,81.6,Negative,500665,0.25
2009M11,85.41,1725,87.5,91.9,87.3,Negative,508596,0.25
2009M12,86.78,1726,102.5,92.3,84.1,Negative,522260,0.25
2010M01,85.22,1729,79.1,93.3,81.2,Negative,520215,0.25
2010M02,86.65,1735,81.5,94.2,77.9,Negative,521075,0.25
2010M03,88.61,1744,96.1,94.5,94.2,Negative,519639,0.25
2010M04,85.45,1749,96.3,95,88.6,Negative,511369,0.25
2010M05,83.7,1747,97.3,96.2,98.9,Positive,506135,0.25
2010M06,85.9,1751,103.5,96.8,105.3,Positive,515154,0.25
2010M07,78.02,1742,93.7,97,86.1,Negative,516131,0.25
2010M08,80.92,1749,97,97.6,83.4,Positive,490150,0.25
2010M09,86.17,1757,100.6,98.2,105.2,Positive,482547,0.25
2010M10,86.97,1764,100.5,98.5,99.6,Positive,483970,0.25
2010M11,86.72,1768,102.1,98.4,106.3,Positive,488173,0.25
2010M12,87.86,1777,114.6,100,121.7,Positive,496213,0.25
2011M01,87.45,1783,88.5,100.5,105.4,Positive,493398,0.25
2011M02,89.09,1794,89.7,101.4,93.4,Positive,491902,0.25
2011M03,91.78,1804,107.1,102.6,120.4,Positive,486617,0.25
2011M04,87.89,1807,105.5,102.5,113.7,Positive,476169,0.25
2011M05,87.87,1808,109.8,102.6,116.1,Positive,468245,0.5
2011M06,85.94,1813,107.2,102.3,119.4,Negative,475876,0.5
2011M07,80.89,1808,100.3,102.7,90.6,Positive,476881,0.5
2011M08,81.75,1815,107.6,102.6,95.1,Positive,453129,0.75
2011M09,89.02,1823,107.6,102.4,105.7,Positive,447579,0.75
2011M10,88.43,1827,108.2,101.8,95.8,Positive,451419,0.75
2011M11,88.64,1829,109,101.8,110.9,Positive,456492,0.75
2011M12,90.96,1828,116.7,101.4,102.7,Positive,467099,0.5
2012M01,90.64,1840,98.2,102.4,104.8,Positive,471861,0.25
2012M02,92.24,1850,99,103.7,98,Positive,471972,0.25
2012M03,93.83,1857,116.3,104,107,Positive,469115,0.25
2012M04,90.51,1863,106.7,103.9,92.9,Positive,461438,0.25
2012M05,95.55,1864,113.4,103.6,102.3,Positive,454817,0.25
2012M06,88.78,1865,109.6,102.9,101.4,Positive,468423,0.25
2012M07,83.05,1861,102.3,103,86,Positive,473672,0.25
2012M08,88.01,1865,107.3,104.1,89.6,Positive,454723,0
2012M09,89.93,1872,102.4,104.1,98.1,Negative,453373,0
2012M10,90.45,1875,110.9,103.6,104.7,Positive,463586,0
2012M11,90.58,1869,104.7,103.2,111.7,Negative,472350,0
2012M12,91.82,1871,111.7,103,92.5,Negative,484792,0
2013M01,92.47,1870,96.6,103.1,95.7,Negative,494851,0
2013M02,92.62,1881,90.4,103.7,88.8,Negative,495376,0
2013M03,95.41,1889,102.2,104,95.2,Negative,494049,0
2013M04,90.25,1892,106.7,103.4,91.5,Positive,488996,0
2013M05,92.35,1892,109.3,103.2,94.6,Negative,485998,0
2013M06,89.04,1891,103.1,103.1,100,Negative,504266,0
2013M07,83.24,1891,103,103,82.4,Positive,512731,0
2013M08,86.9,1888,105.1,103.2,80.9,Negative,499822,0
2013M09,90.73,1894,102.4,103,95.2,Positive,502327,0
2013M10,89.15,1897,110.6,102.6,101,Positive,513668,0
2013M11,90.52,1894,100.4,102.3,92.7,Negative,523463,0
2013M12,94.82,1901,112.4,102.2,89,Negative,544362,0
2014M01,92.96,1900,97.3,102.2,91.3,Positive,549734,0
2014M02,93.58,1905,89.4,102.4,98.5,Negative,553369,0
2014M03,95.08,1909,101.8,101.8,100.5,Positive,555302,0
2014M04,89.6,1912,106.2,101.9,102.7,Positive,551994,0
2014M05,91.71,1907,105.5,102.1,96.3,Negative,556648,0
2014M06,91.99,1909,106.6,102.4,95.6,Positive,580169,0
2014M07,84.46,1907,102.6,102.5,88.8,Negative,584284,0
2014M08,91.68,1909,102.1,102.4,84.8,Negative,568017,-0.1
2014M09,90.2,1920,105.1,102.6,129.9,Positive,572221,-0.1
2014M10,90.69,1916,110,102.3,104.3,Negative,580835,-0.2
2014M11,91.65,1913,96,101.8,97.8,Negative,591202,-0.2
2014M12,94.13,1910,110.4,100.3,102.4,Positive,615958,-0.2
2015M01,90.7,1897,89,99.5,88.3,Negative,618608,-0.2
2015M02,94.09,1902,87.4,100.6,92.5,Positive,620261,-0.2
2015M03,95.01,1908,103,101.1,112.2,Positive,620261,-0.2
2015M04,90.23,1908,102.2,101.5,103.9,Positive,610603,-0.2
2015M05,89.66,1907,100,101.3,87.2,Positive,612177,-0.2
2015M06,92.25,1907,106.2,100.8,148.7,Positive,635038,-0.2
2015M07,86.47,1902,101.6,101,84.1,Positive,639744,-0.2
2015M08,88.48,1906,97.7,99.9,106.7,Positive,621980,-0.2
2015M09,90.29,1908,100.4,99.1,90.1,Positive,619994,-0.2
2015M10,89.13,1911,103.7,98.9,94.4,Positive,623355,-0.2
2015M11,92.54,1908,97.8,98.7,92.8,Positive,631472,-0.2
2015M12,95.3,1906,110.9,97.6,99,Positive,652759,-0.2
2016M01,92.27,1898,87.3,97.7,85.6,Positive,650603,-0.3
2016M02,95.7,1900,89.8,96.2,92.1,Positive,649254,-0.3
2016M03,97.77,1907,99.8,96.8,99.3,Positive,646635,-0.3
2016M04,92.04,1913,103.2,96.8,92.1,Positive,640985,-0.4
2016M05,93.57,1912,104.9,97.2,88,Positive,641892,-0.4
2016M06,95.85,1913,106.6,97.4,98.3,Positive,661255,-0.4
2016M07,95.55,1912,96,97,80.6,Positive,664911,-0.4
2016M08,92.77,1913,103.3,97.4,97.4,Positive,646616,-0.4
2016M09,95.42,1916,103.1,97.8,93.5,Positive,641050,-0.4
2016M10,94.6,1920,103.7,98.7,92.4,Positive,642237,-0.4
2016M11,96.99,1921,105.1,99,107,Positive,643202,-0.4
2016M12,100.01,1925,113,99.8,103.9,Positive,657293,-0.4
2017M01,95.58,1914,96.1,100.5,99.4,Positive,650971,-0.4
2017M02,99.99,1923,91.2,101,96.1,Positive,645777,-0.4
2017M03,100.68,1923,108.1,100.8,123.1,Positive,636237,-0.4
2017M04,93.72,1929,101.1,101,91.9,Positive,626306,-0.4
2017M05,96.85,1926,109.7,100.6,158,Positive,620889,-0.4
2017M06,103.4,1928,111.6,100.1,109.4,Positive,630141,-0.4
2017M07,92.33,1922,101.8,100.5,87,Positive,627665,-0.4
2017M08,97.74,1927,109.6,100.6,94.3,Positive,599723,-0.4
2017M09,96.68,1931,107.7,100.9,101.9,Positive,587749,-0.4
2017M10,95.42,1931,111.4,101.3,102,Positive,583522,-0.4
2017M11,101.03,1936,110.2,102,170.2,Positive,580813,-0.4
2017M12,109.05,1935,114.4,102.2,100.7,Positive,589610,-0.4
2018M01,100.98,1929,103.9,102.9,109.4,Positive,584442,-0.4
2018M02,104.26,1935,94.4,103.2,104.2,Positive,577701,-0.4
2018M03,103.9,1939,110.2,103.9,112,Negative,570322,-0.4
2018M04,95.25,1944,108.1,104.3,106.1,Positive,561778,-0.4
2018M05,99.81,1946,118,105.6,103.6,Positive,556245,-0.4
2018M06,101.41,1950,113.3,106.3,114.3,Positive,567160,-0.4
2018M07,96.88,1948,108.3,106.7,97.3,Positive,567718,-0.4
2018M08,98.52,1951,114.9,106.8,117.9,Positive,542432,-0.4
2018M09,97.92,1955,106.1,106.9,106.8,Positive,534465,-0.4
2018M10,96.21,1960,117.7,107.2,124.4,Positive,532617,-0.4
2018M11,102.2,1960,113.4,106.9,113.2,Positive,531256,-0.4
2018M12,115.75,1958,112.8,106.1,105.8,Positive,542267,-0.4
2019M01,106.25,1950,105.2,106.2,113.7,Positive,541061,-0.4
2019M02,110.42,1959,95.5,106.3,106,Positive,538460,-0.4
2019M03,109.94,1961,109,106.3,114.8,Positive,533011,-0.4
2019M04,100.77,1972,112.5,106.4,106.7,Positive,525492,-0.4
2019M05,105.54,1969,117.5,106.5,107.6,Positive,524320,-0.4
2019M06,109.38,1970,112.5,105.3,109,Negative,534467,-0.4
2019M07,100.59,1965,111.8,105.9,114,Positive,538598,-0.4
2019M08,104.08,1973,113.5,105.7,98.1,Negative,517632,-0.4
2019M09,112.34,1973,111.9,106.3,106.3,Positive,515507,-0.4
2019M10,108.21,1975,118.9,106.2,108.4,Positive,515437,-0.5
2019M11,111.19,1973,111.4,106,100.4,Negative,518338,-0.5
2019M12,122.39,1976,115.8,105.3,139.8,Negative,535271,-0.5
2020M01,112.62,1969,104.7,104.5,110.7,Positive,531713,-0.5
2020M02,115.73,1976,98.6,103.4,98.4,Positive,530145,-0.5
2020M03,112.54,1973,110.9,100.3,105,Positive,622444,-0.5
2020M04,76.88,1966,103.9,98.9,95.6,Positive,754710,-0.5
2020M05,82.19,1965,106.1,98.9,77.4,Negative,768622,-0.5
2020M06,89.81,1969,115.7,100.7,92.7,Positive,746762,-0.5
2020M07,97.65,1976,113.3,100.6,81.4,Positive,709099,-0.5
2020M08,93.36,1977,110.5,101.4,81.9,Negative,669870,-0.5
2020M09,90.69,1977,114.8,100.7,94.9,Positive,658494,-0.5
2020M10,88.46,1979,116,100.5,107.1,Negative,657910,-0.5
2020M11,88.25,1977,111.9,101.2,110.1,Negative,662988,-0.5
2020M12,99.04,1980,122.5,102.2,118.8,Positive,690499,-0.5
2021M01,89.2,1987,101.5,103.7,103.5,Negative,667517,-0.5
2021M02,99.1,1994,101.3,105.5,116.4,Negative,663249,-0.5
2021M03,98.87,1999,121.8,107,129.2,Negative,670847,-0.5
2021M04,89.31,2006,120.2,107.5,136.3,Positive,657324,-0.5
2021M05,87.85,2009,121.6,110,112.5,Positive,642651,-0.5
2021M06,95.41,2008,128.1,111.7,128.8,Positive,641778,-0.5
2021M07,104.08,2015,120.2,115.5,119.7,Positive,636195,-0.5
2021M08,97.84,2020,121.9,117.2,119,Positive,606763,-0.5
2021M09,97.27,2026,124.3,119.9,129.7,Positive,589900,-0.5
2021M10,99.11,2041,122.9,121.3,122,Positive,577237,-0.5
2021M11,105.02,2050,127.2,122.5,152.4,Positive,568923,-0.5
2021M12,125.28,2049,136.9,126,141.5,Positive,570827,-0.5
2022M01,109.79,2074,111.6,127.6,130.3,Positive,563737,-0.5
2022M02,116.23,2084,108.6,128.6,123.1,Positive,559994,-0.5
2022M03,114.66,2115,133.5,134.4,147.2,Positive,542631,-0.5
2022M04,106.39,2121,126,137.7,134.4,Positive,517713,-0.5
2022M05,114.08,2149,136.8,143.8,126.6,Positive,508324,-0.5
2022M06,113.38,2165,139.6,148,139.9,Positive,513198,-0.5
2022M07,115.27,2172,125,147.4,114.7,Positive,512635,-0.5
2022M08,112.08,2173,136.9,147.6,137.9,Positive,485865,0
2022M09,111.79,2190,137.4,147.2,146.4,Positive,475557,0
2022M10,109.25,2211,132.9,146.7,128.4,Positive,470743,0.75
2022M11,118.01,2238,136,145.4,140.6,Positive,469619,0.75
2022M12,131.86,2236,138.5,144.3,138.5,Positive,483675,1.5
2023M01*,119.11,2249,120.4,141.3,131.1,Positive,480384,2
2023M02*,125.54,2268,111.2,140.5,117.4,Positive,479581,2
2023M03*,121.33,2282,132.1,139.5,140,Negative,475542,2.5
2023M04*,111.08,2289,124.7,137.3,111.5,Negative,468086,3
2023M05*,118.09,2296,137.2,134.5,124.1,Negative,463826,3
2023M06*,115.43,2300,135.6,134,123.3,Negative,475884,3.25
2023M07*,114.75,2312,122.2,132.8,97.5,Negative,480739,3.5
2023M08*,112.27,2295,134.7,135.2,108.1,Negative,463358,3.75
